{"cameraMode":{"drawMode":0,"name":"Shaded","section":"Shading Mode"},"sceneLighting":true,"audioPlay":false,"sceneViewState":{"m_AlwaysRefresh":false,"showFog":true,"showSkybox":true,"showFlares":true,"showImageEffects":true,"showParticleSystems":true,"showVisualEffectGraphs":true,"m_FxEnabled":true},"in2DMode":false,"pivot":{"x":-3.9688985347747804,"y":6.02413272857666,"z":-1.264693260192871},"rotation":{"x":0.0002985730243381113,"y":-0.00499129481613636,"z":0.0027777838986366989,"w":1.0003573894500733},"size":4.610690593719482,"orthographic":false}