{"cameraMode":{"drawMode":0,"name":"Shaded","section":"Shading Mode"},"sceneLighting":true,"audioPlay":false,"sceneViewState":{"m_AlwaysRefresh":false,"showFog":true,"showSkybox":true,"showFlares":true,"showImageEffects":true,"showParticleSystems":true,"showVisualEffectGraphs":true,"m_FxEnabled":true},"in2DMode":false,"pivot":{"x":-5.94751501083374,"y":12.810827255249024,"z":39.9988899230957},"rotation":{"x":-0.09855400025844574,"y":-0.01827017217874527,"z":-0.0011254383716732264,"w":0.9952813982963562},"size":26.194543838500978,"orthographic":false}