{"cameraMode":{"drawMode":0,"name":"Shaded","section":"Shading Mode"},"sceneLighting":true,"audioPlay":false,"sceneViewState":{"m_AlwaysRefresh":false,"showFog":true,"showSkybox":true,"showFlares":true,"showImageEffects":true,"showParticleSystems":true,"showVisualEffectGraphs":true,"m_FxEnabled":true},"in2DMode":false,"pivot":{"x":-6.908516883850098,"y":-2.358126640319824,"z":40.504886627197269},"rotation":{"x":0.0886772871017456,"y":-0.02679872140288353,"z":0.0030217384919524194,"w":0.996042013168335},"size":26.645973205566408,"orthographic":false}