{"cameraMode":{"drawMode":0,"name":"Shaded","section":"Shading Mode"},"sceneLighting":true,"audioPlay":false,"sceneViewState":{"m_AlwaysRefresh":false,"showFog":true,"showSkybox":true,"showFlares":true,"showImageEffects":true,"showParticleSystems":true,"showVisualEffectGraphs":true,"m_FxEnabled":true},"in2DMode":false,"pivot":{"x":-0.36346325278282168,"y":0.2584252655506134,"z":-0.3211832046508789},"rotation":{"x":-0.06295537203550339,"y":-0.00987781397998333,"z":-0.0006230181897990406,"w":0.9979678988456726},"size":3.7195868492126467,"orthographic":true}